<?xml version="1.0" encoding="UTF-8"?><rss version="2.0"
	xmlns:content="http://purl.org/rss/1.0/modules/content/"
	xmlns:wfw="http://wellformedweb.org/CommentAPI/"
	xmlns:dc="http://purl.org/dc/elements/1.1/"
	xmlns:atom="http://www.w3.org/2005/Atom"
	xmlns:sy="http://purl.org/rss/1.0/modules/syndication/"
	xmlns:slash="http://purl.org/rss/1.0/modules/slash/"
	>

<channel>
	<title>Yousuf&#039;s Blog</title>
	<atom:link href="https://yousufsaif.github.io/feed/" rel="self" type="application/rss+xml" />
	<link>https://yousufsaif.github.io/</link>
	<description></description>
	<lastBuildDate>Sun, 29 Sep 2024 07:19:00 +0000</lastBuildDate>
	<language>en-US</language>
	<sy:updatePeriod>
	hourly	</sy:updatePeriod>
	<sy:updateFrequency>
	1	</sy:updateFrequency>
	<generator>https://wordpress.org/?v=6.6.2</generator>
	<item>
		<title>Hello world!</title>
		<link>https://yousufsaif.github.io/2024/09/29/hello-world/</link>
					<comments>https://yousufsaif.github.io/2024/09/29/hello-world/#comments</comments>
		
		<dc:creator><![CDATA[Yousuf]]></dc:creator>
		<pubDate>Sun, 29 Sep 2024 06:58:15 +0000</pubDate>
				<category><![CDATA[Uncategorized]]></category>
		<guid isPermaLink="false">https://yousufsaif.github.io/?p=1</guid>

					<description><![CDATA[Welcome to WordPress. This is your first post. Edit or delete it, then start writing! Here are a few WordPress themes that meet your criteria of being clean, neat, aesthetic, and comfortable for readers, with a professional look akin to a research hub, academic paper, or an online newspaper: 1. Newspaper 2. Astra 3. Typology [&#8230;]]]></description>
										<content:encoded><![CDATA[
<p>Welcome to WordPress. This is your first post. Edit or delete it, then start writing!</p>



<p>Here are a few <strong>WordPress themes</strong> that meet your criteria of being clean, neat, aesthetic, and comfortable for readers, with a professional look akin to a research hub, academic paper, or an online newspaper:</p>



<h3 class="wp-block-heading">1. <strong>Newspaper</strong></h3>



<ul class="wp-block-list">
<li>A highly popular theme built for content-heavy sites, blogs, and publications.</li>



<li>Offers a clean, elegant design that&#8217;s easy on the eyes.</li>



<li>Has a customizable layout, making it great for research papers or academic hubs.</li>



<li>Mobile-friendly and optimized for fast loading.</li>
</ul>



<h3 class="wp-block-heading">2. <strong>Astra</strong></h3>



<ul class="wp-block-list">
<li>A lightweight and customizable theme that can be styled to resemble academic journals or news portals.</li>



<li>The minimalist design and excellent readability make it a great fit for research-based websites.</li>



<li>Works well with page builders like Elementor and Gutenberg for further customization.</li>
</ul>



<h3 class="wp-block-heading">3. <strong>Typology</strong></h3>



<ul class="wp-block-list">
<li>A text-focused theme designed for content-heavy sites with minimal distractions.</li>



<li>Ideal for research papers, academic blogs, or news websites where readability and focus are key.</li>



<li>Aesthetic typography and clean design make it comfortable for readers.</li>
</ul>



<h3 class="wp-block-heading">4. <strong>Grand News</strong></h3>



<ul class="wp-block-list">
<li>Built for news and magazine websites but adaptable for research hubs or academic use.</li>



<li>Has an elegant, professional layout, perfect for showcasing content in a structured, easy-to-read format.</li>



<li>Offers multiple layout options and is highly customizable.</li>
</ul>



<h3 class="wp-block-heading">5. <strong>Kadence</strong></h3>



<ul class="wp-block-list">
<li>Kadence is a clean, fast, and flexible theme designed for readability.</li>



<li>Offers extensive customization options, allowing you to create an academic or research-oriented look with ease.</li>



<li>Lightweight and optimized for performance, which ensures smooth scrolling and a good reader experience.</li>
</ul>



<h3 class="wp-block-heading">6. <strong>Divi</strong></h3>



<ul class="wp-block-list">
<li>A powerful, all-in-one WordPress theme with endless customization possibilities.</li>



<li>You can create a clean, minimal, research-focused site with custom layouts, suited for academic papers or a research hub.</li>



<li>Divi’s drag-and-drop builder makes it easy to structure content in a way that is both aesthetic and comfortable for readers.</li>
</ul>



<h3 class="wp-block-heading">7. <strong>Academia Pro</strong></h3>



<ul class="wp-block-list">
<li>A theme specifically built for educational institutions, online courses, or research hubs.</li>



<li>Clean and professional design, tailored for academic content, research papers, or journals.</li>



<li>Its intuitive layout provides an excellent reading experience.</li>
</ul>



<h3 class="wp-block-heading">8. <strong>Authority Pro</strong></h3>



<ul class="wp-block-list">
<li>Designed for professionals and thought leaders, making it a great choice for research-focused websites.</li>



<li>Clean, bold design, with an emphasis on legibility and content hierarchy.</li>



<li>This theme also focuses on creating a professional image, perfect for academic or research-based platforms.</li>
</ul>



<h3 class="wp-block-heading">9. <strong>PenNews</strong></h3>



<ul class="wp-block-list">
<li>Highly flexible theme for news, magazines, and research websites.</li>



<li>Clean design with multiple layout options, allowing you to create a research hub or an academic site.</li>



<li>Well-optimized for speed, readability, and a comfortable viewing experience.</li>
</ul>



<h3 class="wp-block-heading">10. <strong>Sahifa</strong></h3>



<ul class="wp-block-list">
<li>A highly customizable WordPress theme suitable for news or content-heavy websites.</li>



<li>Its clean, modern design can be adapted for a professional, academic look.</li>



<li>Fully responsive and easy to read on all devices.</li>
</ul>



<p>Each of these themes offers a clean, user-friendly design that balances aesthetic appeal with practicality, making them great for academic or research-oriented websites. For a research hub or academic paper feel, focusing on typography, readability, and minimal distractions is key.</p>
]]></content:encoded>
					
					<wfw:commentRss>https://yousufsaif.github.io/2024/09/29/hello-world/feed/</wfw:commentRss>
			<slash:comments>1</slash:comments>
		
		
			</item>
	</channel>
</rss>
